param,accuracy,precision,recall,f1
"{'sampling_strategy': {0: 1000, 1: 1000, 3: 1000}, 'k_neighbors': 7}",0.9738888888888889,0.9737829622692585,0.9738888888888889,0.9737991838255213
